﻿순위,마일리지,전공자/복수전공자(전공자정원포함여부),신청과목수,졸업신청,초수강여부,총이수학점/졸업이수학점,직전학기이수학점/학기당수강학점,학년,수강여부,비고

1,12,Y (Y),6,N,Y,0.2777,1.0000,2,O, 
2,10,Y (Y),6,N,Y,0.2539,0.9444,2,O, 
3,6,Y (Y),6,N,Y,0.2619,1.0000,2,X, 
4,6,Y (Y),6,N,Y,0.2619,0.9444,2,X, 
5,6,Y (Y),6,N,Y,0.2103,0.9444,2,X, 
6,5,Y (Y),6,N,Y,0.3174,1.0000,2,X, 
7,3,Y (Y),6,N,Y,0.2936,1.0000,2,X, 
